,cluster,multiagent_summary,writer_critic_summary
0,1,"A recent report exposes troubling behavior by Supreme Court Justice Samuel Alito, indicating potential sympathy for insurrectionists following the January 6 Capitol riot through the display of an upside-down American flag at his home, symbolizing Trump's baseless election fraud claims. Alito's attempts to distance himself by attributing the flag to his wife do not address the ethical and political implications raised, with his past expression of right-leaning views outside his judicial role suggesting a lack of impartiality. The conservative majority on the Court, including Alito and Clarence Thomas, leaning towards extremist views, raises concerns about the integrity of the judiciary and potential biases impacting upcoming cases related to Trump and the Capitol riot. This behavior underscores the risk of the Court's credibility and ethical standards being compromised by potential abuses of power and partisanship.","The New York Times reported that an upside-down American flag, a symbol used by Trump supporters to indicate belief in the 2020 election being stolen, was flown outside the home of Supreme Court Justice Samuel Alito shortly after the Capitol riot. Alito denied involvement, attributing the flag to his wife’s reaction to a neighbor's offensive yard signs, but neither he nor his subsequent explanations disavowed the insurrectionist symbolism or false claims about the election. This incident raises concerns about Alito's impartiality and the politicization of the judiciary, particularly given his history of partisanship and the Supreme Court's upcoming cases related to Trump's efforts to overturn the election. The controversy is exacerbated by similar issues involving Justice Clarence Thomas, whose wife actively supported attempts to overturn election results, indicating a broader problem of ethical conduct among some justices."
1,2,"The fatal helicopter crash involving Iranian President Ebrahim Raisi and other officials has sparked speculation and conspiracy theories, with possible causes including weather conditions, internal power struggles, and the country's deteriorating infrastructure. Lack of transparency from Iranian authorities has raised concerns, while the incident highlights the need for accountability, ethical considerations, and transparency in international relations and diplomacy dealings with oppressive regimes. The Biden administration's decision to offer condolences for Raisi's death, despite his controversial past, has drawn criticism, underscoring ethical dilemmas in foreign policy dealings with oppressive regimes and emphasizing the importance of addressing human rights abuses and ensuring diplomatic integrity.","The helicopter crash that killed Iranian President Ebrahim Raisi and several senior officials has sparked widespread speculation and conspiracy theories. Although the crash appeared to be a weather-related accident, the lack of transparency from Iranian officials has fueled further doubts, including hypotheses of Israeli involvement or an internal power struggle. In reality, the most probable cause is systemic neglect and decay within Iran's transportation infrastructure, exacerbated by international sanctions. Meanwhile, the U.S. administration's official condolences for Raisi, a controversial figure known for his brutal regime, have drawn significant criticism and highlighted ongoing conflicts in diplomatic standards."
2,3,"An Israeli airstrike in Rafah resulted in the deaths of at least 45 bystanders and two militants, prompting Prime Minister Benjamin Netanyahu to refer to the civilian deaths as a ""tragic accident."" The Gaza Health Ministry confirmed the casualties, highlighting the devastating impact on innocent civilians, including parents, children, and the elderly, while the dehumanizing effects of war language and the displacement of Gaza residents to overcrowded humanitarian zones underscore the urgent need for accountability and a reevaluation of the violence. International condemnation and calls for a cease-fire emphasize the ongoing geopolitical power struggles, ethical justifications, and biases fueling the conflict, emphasizing the importance of addressing the cycle of violence in the region.","The recent Israeli airstrike on a Rafah tent camp killed two militants and at least 45 bystanders, including civilians of all ages, who died in horrific circumstances. Israeli Prime Minister Benjamin Netanyahu deemed the civilian deaths a ""tragic accident,"" though critics argue the term minimizes the brutality of the incident. The situation underscores the complex humanitarian crisis in Gaza, where displaced residents live in overcrowded, unsanitary conditions while Israeli operations aim to target Hamas, but often result in civilian casualties. International responses, including from the International Court of Justice and various global leaders, emphasize the need for a cease-fire and criticize both Hamas and Israel, though they struggle to propose effective solutions to the ongoing conflict."
3,4,"A global trade war is escalating with China at its epicenter, as tensions rise between the US and China over Beijing's economic model favoring Chinese industries at the expense of others. President Biden's announcement of increased tariffs on Chinese imports, particularly electric vehicles, has sparked immediate pushback and threats of retaliatory action from China, prompting concerns about oversupply and unfair competition in global markets. Countries like the US, EU, and Chile are implementing tariffs and restrictions to protect their economies from China's state intervention and excess capacity in industries like electronics and automobiles. The ongoing trade disputes underscore the risks of protectionism and geopolitical tensions, threatening global economic stability and prosperity unless significant reforms are undertaken by China to address its economic model and trade practices.","A global trade war centered around China is intensifying as nations respond to Beijing's economic policies that prioritize Chinese industries at the expense of international competitors. President Joe Biden has significantly escalated the conflict by announcing a fourfold increase in tariffs on Chinese electric vehicles and other key products, prompting immediate protests and threats of retaliation from China. This protectionist wave reflects long-standing frustrations with China's market manipulations and underscores the broader economic rivalry between the U.S. and China. The oversupply in China's auto and other industries, coupled with insufficient domestic demand, has led to a global glut, causing governments worldwide to protect their markets through tariffs and quotas, further straining international relations."
4,5,"In late April 2024, the U.S. Drug Enforcement Agency announced plans to reclassify cannabis from Schedule I to Schedule III, recognizing its medicinal value and therapeutic potential for chronic pain management, in conjunction with the increasing interest in psilocybin for treating depression and chronic pain. This shift marks a departure from past federal policies that criminalized these substances and impeded research into their therapeutic benefits, emphasizing the need for further exploration of cannabis and psychedelics as alternatives to traditional opioids. Experts in anesthesiology and pain management see cannabis and psilocybin as promising tools for chronic pain treatment, given the limitations and risks associated with opioids, with the reclassification offering opportunities for expanded research. Despite the positive outlook, concerns are raised about the potential risks and adverse effects associated with cannabis use, underscoring the importance of evidence-based public policy considerations in alternative pain management approaches.","The U.S. Drug Enforcement Administration announced in April 2024 plans to reclassify cannabis from a Schedule I to a Schedule III drug, marking a significant shift in federal policy. This move accompanies increased interest in the medicinal use of psilocybin, granted a breakthrough therapy designation by the FDA for its potential in treating conditions like depression and chronic pain. These developments could reshape the legal and research landscape for these substances, which have historically faced stringent restrictions and criminalization, impeding scientific study despite their potential therapeutic benefits. Critics argue that this reclassification downplays the health risks of cannabis, but proponents see it as an essential step toward better pain management options for the 50 million Americans suffering from chronic pain."
5,6,"During the ongoing hush-money trial of former President Donald Trump in Manhattan, Manhattan Assistant District Attorney Susan Hoffinger called Stormy Daniels as a key witness, sparking anticipation among jurors with her testimony of a 2006 encounter with Trump involving questions of power dynamics and consent. Despite challenges to her credibility and motions for a mistrial from the defense, the judge upheld Daniels' role in the proceedings, underscoring her significant impact on the trial's narrative and adding drama and uncertainty to the courtroom proceedings. Daniels' testimony, while subject to scrutiny, contributes complexity to the trial, with potential risks and rewards for both sides in the legal battle over the relevance and implications of her statements. Legal experts continue to debate the significance of Daniels' testimony and its contribution to the broader case against Trump, highlighting the controversial nature of her involvement in the courtroom proceedings.","On the 13th day of Donald Trump’s hush-money trial, Manhattan Assistant District Attorney Susan Hoffinger dramatically called Stormy Daniels to the witness stand, a move that captivated the jurors. Daniels, who alleged a 2006 sexual encounter with Trump which he denies, became central to the prosecution's narrative, presenting a complex testimony that both highlighted her accomplishments and her alleged troubling encounter with Trump. Her statements, often drifting beyond the prosecution’s focus, led to frustrations for Judge Juan M. Merchan and multiple objections from the defense, who subsequently motioned for mistrial. The defense’s cross-examination highlighted Daniels’ financial motives and inconsistent accounts, yet the unpredictable nature of her testimony left both the prosecution and defense weighing its impact on the jury's perception."
6,7,"In recent weeks, campus protests targeting President Joe Biden as “Genocide Joe” over Israeli actions in Gaza have sparked criticism from conservatives and concerns within the Democratic Party, leading to initial silence from the White House. Biden eventually addressed the unrest, emphasizing support for free speech while advocating for law and order, aligning with the conservative narrative framing the protests as a discipline issue. Condemning violence and disruptions, he strategically addressed concerns about public perception and potential electoral consequences within the party, aiming to navigate complex political dynamics and maintain control as the semester nears its end. Biden's calculated response to the protests reflects a strategic approach to diffusing tensions, asserting order on campuses, and addressing challenges in an election year.","After weeks of criticism from both sides regarding anti-Israel protests on college campuses, President Joe Biden finally addressed the issue, emphasizing a balance between free speech and the rule of law. In his remarks, he acknowledged the importance of peaceful assembly but condemned vandalism and violence, stressing that ""dissent must never lead to disorder."" Biden's speech aimed to quell public concerns about campus unrest while appealing to a broad constituency, reflecting his challenge of navigating Democratic Party divisions ahead of the upcoming elections. By timing his intervention as protests were likely to wane, Biden hoped to avoid direct responsibility for prior police actions and to claim some credit for the eventual decline in unrest."
7,8,"South Dakota Governor Kristi Noem is facing widespread backlash for admitting in her book ""No Going Back: The Truth on What’s Wrong with Politics and How We Move America Forward"" that she shot her 14-month-old puppy named Cricket due to unruly behavior, and also killed a goat on the same day, justifying her actions by citing South Dakota law on killing dogs that harm livestock. Her portrayal of the shootings as necessary tasks to display toughness has ignited public outrage and condemnation across all political spectrums, with critics questioning her lack of compassion towards animals and ethical judgment. The Governor's controversial decision has stirred intense emotions and continued public scrutiny, leading to widespread negative reactions and disbelief at the perceived cruelty towards animals revealed in her book.","South Dakota Governor Kristi Noem is facing massive backlash after revealing in her forthcoming book that she shot her 14-month-old puppy, Cricket, because it was high-spirited and untrainable, leading to aggressive behaviors such as killing chickens and biting her. Noem defended the action by citing South Dakota law that permits dogs attacking livestock to be put down, framing it as a necessary though unpleasant task reflecting her readiness to make tough decisions. The public outcry spans across political lines, with many seeing her actions as heartless and unnecessary, complicating her potential role as former President Donald Trump’s running mate. Instead of attempting damage control, Noem has leaned into the controversy, promoting her book and insisting that she was following the law and acting responsibly."
8,9,"The Supreme Court is currently deliberating on Grants Pass v. Johnson, a case that questions the constitutionality of penalizing homeless individuals for sleeping outdoors on public property without access to alternative shelter, potentially leading to increased criminalization and exacerbating challenges for over 650,000 homeless Americans. While previous court rulings have deemed criminalizing homelessness without adequate shelter unconstitutional, government leaders are advocating for a review amidst the escalating homelessness crisis. The case highlights the dilemma between humane treatment and public health concerns, with experts advocating for investing in housing and support services as a more effective approach. The Supreme Court's upcoming decision is anticipated to have significant ramifications on national housing policies and strategies for addressing homelessness, emphasizing the need for a comprehensive and compassionate solution to tackle the underlying causes of the crisis.","On Monday, the Supreme Court will hear oral arguments for the case Grants Pass v. Johnson, which will determine if fining, ticketing, or jailing people for sleeping outside when they have no other options constitutes cruel and unusual punishment. The Court's decision could significantly impact the rights of the estimated 650,000 homeless people in the U.S., with nearly 40% sleeping outside, amid a growing homelessness crisis. Previously, the Ninth Circuit Court of Appeals ruled that criminalizing homelessness violated the Eighth Amendment when adequate shelter is unavailable, but amid increasing pressure from government leaders, this ruling is being reconsidered. The case highlights a broader debate over whether local policymakers or judges should set rules for managing homelessness and raises concerns about potential criminalization and its exacerbating effects on homeless individuals' lives."
9,10,"The Federal Reserve is facing criticism for potentially delaying interest rate cuts until just before the election, sparking concerns of political interference, but Chair Jerome Powell has managed to maintain the Fed's independence. President Biden's economic successes are undermined by job growth mainly in part-time and nonproductive sectors, disproportionately benefiting foreign workers over American-born individuals. Rising wages are overshadowed by surging borrowing costs under Biden's administration, impacting housing and car affordability. Overall, Biden's economic policies appear ineffective and detrimental to the American workforce, raising doubts about the success of Bidenomics.","The Federal Reserve’s optics issue is intensifying as markets predict no rate cuts until at least mid-September, amid elevated inflation and an impending presidential election between Joe Biden and Donald Trump. This situation raises questions about whether policymakers will prioritize their reputations or the economy, although the Fed is designed to operate independently with goals of full employment and stable prices. Despite political pressures from both administrations, Fed Chair Jerome Powell has maintained a stance of neutrality, but this year’s political climate might force the institution into decisive action. Concurrently, the latest jobs report reveals weaknesses in Biden's economic policies, showing declines in full-time jobs and growth in part-time and government-subsidized positions, while the rising borrowing costs are making essentials like housing and cars increasingly unaffordable, disproportionately affecting native-born Americans."
10,11,"President Joe Biden's new student loan debt relief plan focuses on forgiving accrued interest for 23 million borrowers, canceling the full amount of debt for over 4 million borrowers, and providing at least $5,000 in debt relief for more than 10 million borrowers, benefiting approximately 30 million Americans. The pivot to interest forgiveness is seen as a strategic move politically and financially to address resistance to wholesale debt cancellation, despite falling short of the initially anticipated total debt relief. Criticisms arise regarding the ongoing charging of interest on student loans and concerns over potential wealth transfer implications, particularly for non-college-educated individuals. Biden's efforts to alleviate the financial burden of student loans demonstrate his commitment to tackling educational costs and income disparities, resonating with younger voters and making progress in addressing the student loan debt crisis.","President Joe Biden announced a new federal student loan debt relief plan on Monday, aiming to mitigate interest accrued on loans rather than canceling the loans outright. The revised plan targets various groups, including long-term borrowers and those experiencing financial hardship, potentially benefiting around 30 million Americans. This approach seeks to eliminate accrued interest for 23 million borrowers and provide other forms of debt relief, following the Supreme Court's rejection of a larger cancellation initiative. Critics argue the policy is a politically motivated move that unfairly benefits those with higher education at the expense of taxpayers, although it represents a significant effort to address spiraling education costs."
11,12,"Former President Donald Trump has declared that states should have autonomy in determining abortion policy, rejecting a national ban and emphasizing the importance of states' rights, while expressing support for legal abortion in certain cases and backing nationwide legal in-vitro fertilization. Trump's decision has elicited mixed reactions from both sides of the abortion debate, reflecting the ongoing division in American politics on the issue, with uncertainty remaining about his plans for reproductive rights if elected. By deferring the abortion debate to states, Trump's strategic move aims to secure electoral victories and restore the nation's culture, as the complexities of the ongoing abortion debate continue to play out on a state-by-state basis following the overturning of Roe v. Wade. The unresolved nature of the abortion issue underscores the challenges in navigating reproductive rights in American politics, with the former president's stance shaping the future trajectory of abortion policy in the U.S.","Nearly seven months after Donald Trump’s puzzling comments on abortion rights on NBC’s ""Meet the Press,"" the former president has finally declared that abortion laws should be left to the states. Despite earlier suggestions of a national abortion ban, Trump’s latest statement avoids endorsing a federal ban, signaling that state governments will decide their abortion policies. His position has disappointed both anti-abortion advocates, who seek federal restrictions, and proponents of reproductive rights, who oppose the overturning of Roe v. Wade. This stance has left many crucial questions unanswered about Trump's plans for federal abortion policy and judicial appointments, highlighting ongoing uncertainties ahead of the elections."
12,13,"A groundbreaking antitrust lawsuit filed by the Department of Justice, supported by 16 state attorneys general and the District of Columbia, targets Apple's control over the iPhone market, focusing on concerns such as iMessage's dominance, restrictions on non-Apple smartwatches and digital wallets, and the use of proprietary payment systems. The lawsuit alleges that Apple's practices stifle competition, limit consumer choice and innovation, and lead to higher prices for consumers, prompting questions about antitrust regulations and market fairness. Critics believe the lawsuit aims to challenge Apple's market dominance and increase product alternatives, potentially reshaping the tech industry landscape and impacting consumer choice in the smartphone market.","Apple is facing a significant antitrust lawsuit from the Department of Justice, backed by 16 state attorneys general and the District of Columbia, targeting its iPhone and other business practices. The lawsuit claims that Apple’s dominance in various sectors, including messaging, smartwatches, and digital wallets, restricts consumer choice and stifles competition by enforcing a ""walled garden"" ecosystem. Evidence presented in the case includes internal communications highlighting Apple’s strategies to lock users into its platform, thereby reducing competition and innovation. Apple argues that the lawsuit threatens its business model and points to examples like the integration of USB-C ports and right-to-repair laws as areas where it has complied with broader regulatory demands."
13,14,"In Haiti, a dire crisis persists, characterized by violence, impending famine, and mass displacement, with gangs, notably under the control of ""Barbecue,"" exerting significant power in the absence of effective state authority, leading to widespread societal chaos. The historical support of undemocratic regimes in Haiti by the United States is seen as exacerbating the current situation, prompting calls for a legitimate transitional government and fair elections without external interference, amidst opposition to Prime Minister Ariel Henry. Efforts to deploy foreign assistance and stabilize the country face challenges, emphasizing the urgency for Haitians to lead the way towards stability and democratic governance, with civil society resilience and the need to restore order without external interference remaining crucial aspects in addressing the deep-rooted issues facing the nation.","Haiti is embroiled in extreme violence, mass displacement, and a collapsing state authority, with gangs, led by the former police officer ""Barbecue,"" controlling 80% of the capital and escalating chaos. Prime Minister Ariel Henry, heavily criticized and absent after a failed trip to secure Kenyan police support, faces a potential loss of U.S. backing, leaving the country leaderless amidst relentless gang attacks. The international community, including the Biden administration, has struggled to find effective intervention strategies, with past efforts proving ineffective or exacerbating the situation. Moving forward, civil society calls for a Haitian-led solution with the formation of a legitimate, broad-based transitional government to pave the way for fair elections and end the cycle of violence and instability."
14,15,"The House Energy and Commerce Committee is advancing a bill that would require TikTok, a Chinese-owned app, to divest from its Chinese ownership to avoid fines and potential bans in the U.S., citing concerns about content, Chinese regime manipulation, and national security risks. Legislation backed by bipartisan support, including President Biden, aims to address the broader implications of foreign adversary control on popular social media platforms, sparking debates on free speech, data privacy, civil liberties, and geopolitical tensions between the U.S. and China. The urgent push against TikTok reflects broader U.S. strategies and concerns over foreign influence, with opposition from unexpected corners like former President Trump adding complexity to the regulatory landscape surrounding TikTok in America, underscoring the intricate dynamics shaping the future of the platform in the United States amidst escalating tensions and propaganda dissemination in the digital age.","The House Energy and Commerce Committee is moving forward with a bill that would require TikTok and other foreign-adversary-controlled applications to divest their Chinese ownership, or face fines and a U.S. ban. Concerns have grown over TikTok's potential misuse by the Chinese Communist Party for surveillance and propaganda, especially following the October 7 Hamas attack on Israel. While the bill has bipartisan support and President Biden has expressed willingness to sign it, opposition arises from former President Trump and civil liberties advocates who warn of First Amendment issues and the need for broader regulation on data collection by all social media platforms. The bill's future is uncertain, with TikTok mobilizing its user base to contact Congress, causing a significant response."
