,cluster,multiagent_summary,writer_critic_summary,questions,corelation_attr_MA,attribution_MA,coverage_MA,bertScore_MA,rougeScore_MA,qa_cos_diff_MA,compression_ratio_MA,corelation_attr_WC,attribution_WC,coverage_WC,bertScore_WC,rougeScore_WC,qa_cos_diff_WC,compression_ratio_WC
0,1,"A recent report exposes troubling behavior by Supreme Court Justice Samuel Alito, indicating potential sympathy for insurrectionists following the January 6 Capitol riot through the display of an upside-down American flag at his home, symbolizing Trump's baseless election fraud claims. Alito's attempts to distance himself by attributing the flag to his wife do not address the ethical and political implications raised, with his past expression of right-leaning views outside his judicial role suggesting a lack of impartiality. The conservative majority on the Court, including Alito and Clarence Thomas, leaning towards extremist views, raises concerns about the integrity of the judiciary and potential biases impacting upcoming cases related to Trump and the Capitol riot. This behavior underscores the risk of the Court's credibility and ethical standards being compromised by potential abuses of power and partisanship.","The New York Times reported that an upside-down American flag, a symbol used by Trump supporters to indicate belief in the 2020 election being stolen, was flown outside the home of Supreme Court Justice Samuel Alito shortly after the Capitol riot. Alito denied involvement, attributing the flag to his wife’s reaction to a neighbor's offensive yard signs, but neither he nor his subsequent explanations disavowed the insurrectionist symbolism or false claims about the election. This incident raises concerns about Alito's impartiality and the politicization of the judiciary, particularly given his history of partisanship and the Supreme Court's upcoming cases related to Trump's efforts to overturn the election. The controversy is exacerbated by similar issues involving Justice Clarence Thomas, whose wife actively supported attempts to overturn election results, indicating a broader problem of ethical conduct among some justices.","1. How long was the upside-down American flag flown outside Alito’s home?
2. Did Alito personally have anything to do with the flag, according to his statements reported in the articles?
3. What reason did Alito give for the flag being flown, according to each news source?
4. How do the articles characterize the context and symbolism of the upside-down American flag?
5. Is there any mention of another Supreme Court justice’s spouse being involved in pro-Trump activities in either article?
6. How do the articles describe Alito’s judicial philosophy and his history of public statements on political matters?
7. According to each article, does Alito’s statement address or deny that the flag was flown in solidarity with the insurrectionists?
8. Do the articles agree on whether Alito’s wife’s actions impact his own judicial ethics?
9. How do the articles describe the reaction or defense from Alito’s allies regarding the flag incident?
10. What do the articles suggest about the implications of Alito’s conduct for the future rulings of the Supreme Court?",-0.208,0.056,0.101,0.565,0.143,0.021,0.052,,0.167,0.095,0.594,0.158,0.013,0.054
1,2,"The fatal helicopter crash involving Iranian President Ebrahim Raisi and other officials has sparked speculation and conspiracy theories, with possible causes including weather conditions, internal power struggles, and the country's deteriorating infrastructure. Lack of transparency from Iranian authorities has raised concerns, while the incident highlights the need for accountability, ethical considerations, and transparency in international relations and diplomacy dealings with oppressive regimes. The Biden administration's decision to offer condolences for Raisi's death, despite his controversial past, has drawn criticism, underscoring ethical dilemmas in foreign policy dealings with oppressive regimes and emphasizing the importance of addressing human rights abuses and ensuring diplomatic integrity.","The helicopter crash that killed Iranian President Ebrahim Raisi and several senior officials has sparked widespread speculation and conspiracy theories. Although the crash appeared to be a weather-related accident, the lack of transparency from Iranian officials has fueled further doubts, including hypotheses of Israeli involvement or an internal power struggle. In reality, the most probable cause is systemic neglect and decay within Iran's transportation infrastructure, exacerbated by international sanctions. Meanwhile, the U.S. administration's official condolences for Raisi, a controversial figure known for his brutal regime, have drawn significant criticism and highlighted ongoing conflicts in diplomatic standards.","1. How long did the upside-down American flag fly outside Alito's home according to the sources?
2. How do the sources interpret the significance of the upside-down American flag flown outside Alito's home?
3. What reasons do the sources suggest for the flag being flown by Alito's wife?
4. According to each source, how does Alito's statement attempt to address the flying of the flag?
5. Do both sources describe the incident with Alito's neighbor's yard signs? If so, how do the narratives differ?
6. How do the sources portray Alito's general attitude toward sharing his political beliefs publicly?
7. What are the differing perspectives regarding Alito's connection to the January 6 events as portrayed by the sources?
8. How do the sources evaluate the explanation that Alito had no involvement in flying the flag and blame it on his wife?
9. Do the sources agree on the potential judicial ethics violations by Alito? How do the sources differ in their analysis?
10. How do the sources describe Alito's judicial decisions and their implications for his potential bias towards the January 6 insurrectionists?",-0.992,0.185,0.319,0.527,0.161,0.483,0.084,-0.926,0.083,0.145,0.549,0.174,0.024,0.079
2,3,"An Israeli airstrike in Rafah resulted in the deaths of at least 45 bystanders and two militants, prompting Prime Minister Benjamin Netanyahu to refer to the civilian deaths as a ""tragic accident."" The Gaza Health Ministry confirmed the casualties, highlighting the devastating impact on innocent civilians, including parents, children, and the elderly, while the dehumanizing effects of war language and the displacement of Gaza residents to overcrowded humanitarian zones underscore the urgent need for accountability and a reevaluation of the violence. International condemnation and calls for a cease-fire emphasize the ongoing geopolitical power struggles, ethical justifications, and biases fueling the conflict, emphasizing the importance of addressing the cycle of violence in the region.","The recent Israeli airstrike on a Rafah tent camp killed two militants and at least 45 bystanders, including civilians of all ages, who died in horrific circumstances. Israeli Prime Minister Benjamin Netanyahu deemed the civilian deaths a ""tragic accident,"" though critics argue the term minimizes the brutality of the incident. The situation underscores the complex humanitarian crisis in Gaza, where displaced residents live in overcrowded, unsanitary conditions while Israeli operations aim to target Hamas, but often result in civilian casualties. International responses, including from the International Court of Justice and various global leaders, emphasize the need for a cease-fire and criticize both Hamas and Israel, though they struggle to propose effective solutions to the ongoing conflict.","1. How long did the upside-down flag fly outside Alito's home according to each news source?
2. How do each of the articles explain the motivation behind Mrs. Alito flying the upside-down flag?
3. What do each of the articles infer about the potential political implications of flying the upside-down flag for Alito?
4. How does each news source interpret Alito's statement regarding his involvement in the flag incident?
5. How do the articles differ in their descriptions of the judicial practices of Alito and Thomas with respect to Trump-related cases?
6. According to each article, what has been Justice Alito's historical stance on political expression outside the courtroom?
7. How do each of the articles discuss the broader impact of the flag incident on perceptions of the Supreme Court's impartiality?
8. How do the articles differ in terms of the potential consequences or actions that might arise from Alito's alleged behavior in the flag incident?
9. How do the articles portray the relationship between the incidents surrounding the flag and other ethical questions related to Justice Alito?
10. How does each article assess the role and influence of Alito’s spouse in the flag incident and broader political actions?",-1.0,0.444,0.328,0.523,0.126,0.355,0.046,-0.509,0.333,0.325,0.544,0.123,0.093,0.047
3,4,"A global trade war is escalating with China at its epicenter, as tensions rise between the US and China over Beijing's economic model favoring Chinese industries at the expense of others. President Biden's announcement of increased tariffs on Chinese imports, particularly electric vehicles, has sparked immediate pushback and threats of retaliatory action from China, prompting concerns about oversupply and unfair competition in global markets. Countries like the US, EU, and Chile are implementing tariffs and restrictions to protect their economies from China's state intervention and excess capacity in industries like electronics and automobiles. The ongoing trade disputes underscore the risks of protectionism and geopolitical tensions, threatening global economic stability and prosperity unless significant reforms are undertaken by China to address its economic model and trade practices.","A global trade war centered around China is intensifying as nations respond to Beijing's economic policies that prioritize Chinese industries at the expense of international competitors. President Joe Biden has significantly escalated the conflict by announcing a fourfold increase in tariffs on Chinese electric vehicles and other key products, prompting immediate protests and threats of retaliation from China. This protectionist wave reflects long-standing frustrations with China's market manipulations and underscores the broader economic rivalry between the U.S. and China. The oversupply in China's auto and other industries, coupled with insufficient domestic demand, has led to a global glut, causing governments worldwide to protect their markets through tariffs and quotas, further straining international relations.","1. How long did the upside-down American flag fly outside Justice Samuel Alito's home according to each news source?
  
2. Did News Source 1 or News Source 2 report that Justice Alito explicitly denied flying the flag in solidarity with the insurrectionists?

3. Which news source emphasizes Alito's history of public political statements more extensively?

4. What rationale does each news source give for why the Alito household displayed the upside-down flag?

5. How does each source characterize the involvement of Justice Alito's wife in the flag-raising incident?

6. According to the reports, did both news sources agree that Alito's actions may have violated judicial ethics laws?

7. How do the perspectives on Fox News coverage of the incident differ between the two news sources?

8. Does either news source mention other Supreme Court justices who may have shown support for Trump's efforts to overturn the election?

9. What are the implications of this incident for future Supreme Court rulings, as discussed by each news article?

10. How do News Source 1 and News Source 2 address the broader implications of Alito's actions on the perceived legitimacy of the Supreme Court?",,0.472,0.142,0.565,0.128,0.158,0.046,,0.556,0.168,0.561,0.116,0.359,0.042
4,5,"In late April 2024, the U.S. Drug Enforcement Agency announced plans to reclassify cannabis from Schedule I to Schedule III, recognizing its medicinal value and therapeutic potential for chronic pain management, in conjunction with the increasing interest in psilocybin for treating depression and chronic pain. This shift marks a departure from past federal policies that criminalized these substances and impeded research into their therapeutic benefits, emphasizing the need for further exploration of cannabis and psychedelics as alternatives to traditional opioids. Experts in anesthesiology and pain management see cannabis and psilocybin as promising tools for chronic pain treatment, given the limitations and risks associated with opioids, with the reclassification offering opportunities for expanded research. Despite the positive outlook, concerns are raised about the potential risks and adverse effects associated with cannabis use, underscoring the importance of evidence-based public policy considerations in alternative pain management approaches.","The U.S. Drug Enforcement Administration announced in April 2024 plans to reclassify cannabis from a Schedule I to a Schedule III drug, marking a significant shift in federal policy. This move accompanies increased interest in the medicinal use of psilocybin, granted a breakthrough therapy designation by the FDA for its potential in treating conditions like depression and chronic pain. These developments could reshape the legal and research landscape for these substances, which have historically faced stringent restrictions and criminalization, impeding scientific study despite their potential therapeutic benefits. Critics argue that this reclassification downplays the health risks of cannabis, but proponents see it as an essential step toward better pain management options for the 50 million Americans suffering from chronic pain.","1. How many days did the upside-down flag fly outside Justice Alito's home according to each source?

2. What was Justice Alito's stated reason for the flag being flown at his home, according to News Source 1 versus News Source 2?

3. How does each article characterize Alito's political behavior and public statements outside the court?

4. What are the respective interpretations of Alito's motivations for not disavowing the upside-down flag in each article?

5. How does each article portray the response of conservative media to the false claims about the 2020 election?

6. What defense does Alito’s allies offer for the flag situation according to News Source 1 versus News Source 2?

7. How do the sources differ in their views on whether or not the flag incident implicates Alito in political activity?

8. What is the opinion of News Source 1 regarding the spouse of another Supreme Court justice and her actions related to January 6?

9. According to each news source, what historical or legal anecdotes are used to illustrate Alito's judicial behavior?

10. How does each article assess Alito’s handling of prosecutorial misconduct in the context of cases involving Trump?

These questions highlight key areas where the two articles diverge in their portrayal and interpretation of the events surrounding Justice Samuel Alito and the implications on judiciary ethics and political involvement.",-0.577,0.611,0.232,0.585,0.199,0.016,0.083,-0.446,0.333,0.137,0.582,0.178,0.449,0.069
5,6,"During the ongoing hush-money trial of former President Donald Trump in Manhattan, Manhattan Assistant District Attorney Susan Hoffinger called Stormy Daniels as a key witness, sparking anticipation among jurors with her testimony of a 2006 encounter with Trump involving questions of power dynamics and consent. Despite challenges to her credibility and motions for a mistrial from the defense, the judge upheld Daniels' role in the proceedings, underscoring her significant impact on the trial's narrative and adding drama and uncertainty to the courtroom proceedings. Daniels' testimony, while subject to scrutiny, contributes complexity to the trial, with potential risks and rewards for both sides in the legal battle over the relevance and implications of her statements. Legal experts continue to debate the significance of Daniels' testimony and its contribution to the broader case against Trump, highlighting the controversial nature of her involvement in the courtroom proceedings.","On the 13th day of Donald Trump’s hush-money trial, Manhattan Assistant District Attorney Susan Hoffinger dramatically called Stormy Daniels to the witness stand, a move that captivated the jurors. Daniels, who alleged a 2006 sexual encounter with Trump which he denies, became central to the prosecution's narrative, presenting a complex testimony that both highlighted her accomplishments and her alleged troubling encounter with Trump. Her statements, often drifting beyond the prosecution’s focus, led to frustrations for Judge Juan M. Merchan and multiple objections from the defense, who subsequently motioned for mistrial. The defense’s cross-examination highlighted Daniels’ financial motives and inconsistent accounts, yet the unpredictable nature of her testimony left both the prosecution and defense weighing its impact on the jury's perception.","1. How long was the upside-down flag flown outside Samuel Alito's home according to each source?
2. According to each news source, what specific reasons did Samuel Alito give for the upside-down flag being flown?
3. How does each source interpret Alito's statement regarding his involvement in flying the upside-down flag?
4. What aspects of the investigation into Alito does News Source 1 emphasize compared to News Source 2?
5. What are the respective news sources' views on the potential ethical violations committed by Alito?
6. How does each news source describe the implications of Alito's actions for the legitimacy of the Supreme Court?
7. What reasons do the sources give for the neighbor putting up signs against Mrs. Alito, and how do they differ?
8. How does each source characterize the media's response to these events?
9. How do the sources differ in their portrayal of Alito’s stance on the events of January 6 and the subsequent court cases related to it?
10. What contrasting information or opinions do the sources present about Alito’s role in broader political and judicial matters?",-0.651,0.472,0.166,0.546,0.168,0.945,0.067,-0.707,0.167,0.106,0.576,0.162,0.389,0.056
6,7,"In recent weeks, campus protests targeting President Joe Biden as “Genocide Joe” over Israeli actions in Gaza have sparked criticism from conservatives and concerns within the Democratic Party, leading to initial silence from the White House. Biden eventually addressed the unrest, emphasizing support for free speech while advocating for law and order, aligning with the conservative narrative framing the protests as a discipline issue. Condemning violence and disruptions, he strategically addressed concerns about public perception and potential electoral consequences within the party, aiming to navigate complex political dynamics and maintain control as the semester nears its end. Biden's calculated response to the protests reflects a strategic approach to diffusing tensions, asserting order on campuses, and addressing challenges in an election year.","After weeks of criticism from both sides regarding anti-Israel protests on college campuses, President Joe Biden finally addressed the issue, emphasizing a balance between free speech and the rule of law. In his remarks, he acknowledged the importance of peaceful assembly but condemned vandalism and violence, stressing that ""dissent must never lead to disorder."" Biden's speech aimed to quell public concerns about campus unrest while appealing to a broad constituency, reflecting his challenge of navigating Democratic Party divisions ahead of the upcoming elections. By timing his intervention as protests were likely to wane, Biden hoped to avoid direct responsibility for prior police actions and to claim some credit for the eventual decline in unrest.","1. What is the duration that the upside-down flag was flown outside Justice Alito's home according to each news source?
2. How do the articles differ in their depiction of Justice Alito's justification for the upside-down flag?
3. What stance does each article take on whether Justice Alito's actions violated judicial ethics laws?
4. How do the two articles contrast in their interpretation of Justice Alito’s wife’s role in the flag incident?
5. What are the conflicting perspectives on Justice Thomas' involvement as reported by each source?
6. How do both sources characterize the potential impact of Justice Alito's actions on future court rulings related to Trump?
7. What is each article's viewpoint on the ethical implications of Justice Alito's and Justice Thomas's actions?
8. How do the articles differ in their opinion on whether the accusations against Justice Alito align with his past public statements and actions?
9. How do the sources vary in their assessment of the overall influence of partisan politics on the Supreme Court?
10. What conclusions does each article draw about the significance of the upside-down flag incident in the context of broader political and judicial integrity issues?",-0.316,0.167,0.124,0.564,0.208,0.85,0.101,-0.522,0.056,0.089,0.568,0.217,0.0,0.095
7,8,"South Dakota Governor Kristi Noem is facing widespread backlash for admitting in her book ""No Going Back: The Truth on What’s Wrong with Politics and How We Move America Forward"" that she shot her 14-month-old puppy named Cricket due to unruly behavior, and also killed a goat on the same day, justifying her actions by citing South Dakota law on killing dogs that harm livestock. Her portrayal of the shootings as necessary tasks to display toughness has ignited public outrage and condemnation across all political spectrums, with critics questioning her lack of compassion towards animals and ethical judgment. The Governor's controversial decision has stirred intense emotions and continued public scrutiny, leading to widespread negative reactions and disbelief at the perceived cruelty towards animals revealed in her book.","South Dakota Governor Kristi Noem is facing massive backlash after revealing in her forthcoming book that she shot her 14-month-old puppy, Cricket, because it was high-spirited and untrainable, leading to aggressive behaviors such as killing chickens and biting her. Noem defended the action by citing South Dakota law that permits dogs attacking livestock to be put down, framing it as a necessary though unpleasant task reflecting her readiness to make tough decisions. The public outcry spans across political lines, with many seeing her actions as heartless and unnecessary, complicating her potential role as former President Donald Trump’s running mate. Instead of attempting damage control, Noem has leaned into the controversy, promoting her book and insisting that she was following the law and acting responsibly.","1. **Did the New York Times report about Alito flying the upside-down flag break on a different timeline?**
   
2. **Do the articles portray Alito's actions as a violation of judicial ethics?**
   
3. **Did Alito explicitly deny flying the flag in solidarity with insurrectionists according to either article?**
   
4. **How do the narratives differ regarding Alito’s explanation about his wife placing the flag?**
   
5. **Did any sources outside of the Times, such as Fox News, address the signage dispute between Mrs. Alito and the neighbor differently?**

6. **Was there any difference in how Virginia Thomas’s actions and her influence on Justice Clarence Thomas were reported between the two sources?**

7. **Do the articles suggest different levels of bias or motivation behind Alito’s past public statements?**

8. **How do the articles characterize the legal ramifications of Alito’s actions regarding forthcoming Supreme Court cases?**

9. **Is the portrayal of Israel's airstrike in Gaza different between the articles, especially regarding the notion of targeting civilians?**

10. **Are there differing opinions on how President Biden has handled the campus protests in relation to the Israel-Gaza conflict?**",,0.037,0.082,0.576,0.19,0.342,0.075,0.866,0.0,0.105,0.57,0.189,0.529,0.073
8,9,"The Supreme Court is currently deliberating on Grants Pass v. Johnson, a case that questions the constitutionality of penalizing homeless individuals for sleeping outdoors on public property without access to alternative shelter, potentially leading to increased criminalization and exacerbating challenges for over 650,000 homeless Americans. While previous court rulings have deemed criminalizing homelessness without adequate shelter unconstitutional, government leaders are advocating for a review amidst the escalating homelessness crisis. The case highlights the dilemma between humane treatment and public health concerns, with experts advocating for investing in housing and support services as a more effective approach. The Supreme Court's upcoming decision is anticipated to have significant ramifications on national housing policies and strategies for addressing homelessness, emphasizing the need for a comprehensive and compassionate solution to tackle the underlying causes of the crisis.","On Monday, the Supreme Court will hear oral arguments for the case Grants Pass v. Johnson, which will determine if fining, ticketing, or jailing people for sleeping outside when they have no other options constitutes cruel and unusual punishment. The Court's decision could significantly impact the rights of the estimated 650,000 homeless people in the U.S., with nearly 40% sleeping outside, amid a growing homelessness crisis. Previously, the Ninth Circuit Court of Appeals ruled that criminalizing homelessness violated the Eighth Amendment when adequate shelter is unavailable, but amid increasing pressure from government leaders, this ruling is being reconsidered. The case highlights a broader debate over whether local policymakers or judges should set rules for managing homelessness and raises concerns about potential criminalization and its exacerbating effects on homeless individuals' lives.","1. Did the upside-down flag incident at Justice Samuel Alito's house occur shortly after the January 6th Capitol riot?
2. Was the flag flown in response to a neighbor's objectionable yard signs, as claimed by Justice Alito?
3. Does the flying of the upside-down flag by Alito’s wife imply support for the January 6 insurrection, according to the two news sources?
4. How many days was the upside-down flag flown outside Justice Alito's house?
5. Were other Supreme Court justices' spouses involved in overturning the 2020 election results?
6. Did Justice Alito publicly express his political opinions prior to the upside-down flag incident?
7. Was Justice Alito's wife acting alone in placing the flag, according to the sources?
8. Did the neighbor's signs specifically blame Mrs. Alito for the January 6 attacks?
9. What was the context of the flag being flown outside Alito’s home (neighbor dispute versus insurrection support)?
10. Are the accusations against Justice Alito more about his perceived judicial biases or specific actions related to January 6th?",-0.26,0.333,0.184,0.564,0.127,0.53,0.05,0.0,0.25,0.157,0.586,0.141,0.269,0.049
9,10,"The Federal Reserve is facing criticism for potentially delaying interest rate cuts until just before the election, sparking concerns of political interference, but Chair Jerome Powell has managed to maintain the Fed's independence. President Biden's economic successes are undermined by job growth mainly in part-time and nonproductive sectors, disproportionately benefiting foreign workers over American-born individuals. Rising wages are overshadowed by surging borrowing costs under Biden's administration, impacting housing and car affordability. Overall, Biden's economic policies appear ineffective and detrimental to the American workforce, raising doubts about the success of Bidenomics.","The Federal Reserve’s optics issue is intensifying as markets predict no rate cuts until at least mid-September, amid elevated inflation and an impending presidential election between Joe Biden and Donald Trump. This situation raises questions about whether policymakers will prioritize their reputations or the economy, although the Fed is designed to operate independently with goals of full employment and stable prices. Despite political pressures from both administrations, Fed Chair Jerome Powell has maintained a stance of neutrality, but this year’s political climate might force the institution into decisive action. Concurrently, the latest jobs report reveals weaknesses in Biden's economic policies, showing declines in full-time jobs and growth in part-time and government-subsidized positions, while the rising borrowing costs are making essentials like housing and cars increasingly unaffordable, disproportionately affecting native-born Americans.","1. How long did the upside-down American flag fly outside Justice Samuel Alito's home according to each news source?

2. Did Justice Alito's statement explicitly disavow support for the insurrectionists and Trump's election claims according to each article?

3. According to each news source, what was the reason provided for Mrs. Alito placing the upside-down flag outside their home?

4. What are each article’s perspectives on the implications of Justice Clarence Thomas's actions and his rulings related to the Capitol riot?

5. How do the two sources describe Justice Alito's history of expressing his political views outside the Court?

6. What stance does each news source take on the impact of the judiciary's partisanship as observed in the recent rulings related to Trump and the January 6 prosecution cases?

7. How does each article characterize the potential motivations behind and implications of Alito's refusal to disavow the upside-down flag's meaning?

8. What are the discrepancies in the two news sources’ reporting on the impact of Trump-supporting media in perpetuating false election claims?

9. How do the two news sources differ in describing the ethical implications and the political defense related to the Alito household's actions?

10. According to each article, what are the broader consequences for the U.S. judicial system if justices are perceived as sympathetic to the insurrectionists?",-0.994,0.472,0.224,0.551,0.214,0.793,0.123,-0.974,0.444,0.252,0.578,0.318,0.848,0.178
10,11,"President Joe Biden's new student loan debt relief plan focuses on forgiving accrued interest for 23 million borrowers, canceling the full amount of debt for over 4 million borrowers, and providing at least $5,000 in debt relief for more than 10 million borrowers, benefiting approximately 30 million Americans. The pivot to interest forgiveness is seen as a strategic move politically and financially to address resistance to wholesale debt cancellation, despite falling short of the initially anticipated total debt relief. Criticisms arise regarding the ongoing charging of interest on student loans and concerns over potential wealth transfer implications, particularly for non-college-educated individuals. Biden's efforts to alleviate the financial burden of student loans demonstrate his commitment to tackling educational costs and income disparities, resonating with younger voters and making progress in addressing the student loan debt crisis.","President Joe Biden announced a new federal student loan debt relief plan on Monday, aiming to mitigate interest accrued on loans rather than canceling the loans outright. The revised plan targets various groups, including long-term borrowers and those experiencing financial hardship, potentially benefiting around 30 million Americans. This approach seeks to eliminate accrued interest for 23 million borrowers and provide other forms of debt relief, following the Supreme Court's rejection of a larger cancellation initiative. Critics argue the policy is a politically motivated move that unfairly benefits those with higher education at the expense of taxpayers, although it represents a significant effort to address spiraling education costs.","1. How long was the upside-down American flag flown outside Justice Alito's home according to News Source 1, and how does that compare to the duration mentioned in News Source 2?
2. What motivations do News Source 1 and News Source 2 attribute to Justice Alito's wife for placing the flag outside their home?
3. How do both sources describe the public and private reactions of Justice Alito to flying the upside-down flag?
4. Does each news source believe that Alito's and Thomas's actions are appropriate given their roles on the Supreme Court?
5. How do the sources explain the differences in conservative factions within the Supreme Court (as exemplified by Alito and Thomas vs. Roberts, Kavanaugh, and Barrett)?
6. How does each news source frame Alito's involvement (or lack thereof) in the flying of the flag?
7. How do the respective articles treat the significance of the Supreme Court decisions related to Trump and January 6th events in terms of ideological leanings and legal interpretations?
8. What are the reported consequences of judicial ethics laws mentioned regarding Alito’s actions in News Source 1 versus News Source 2?
9. How do the sources, News Source 1 and News Source 2, differ in their perspectives on the political implications of Alito's actions?
10. What do each of the articles imply about future actions or rulings by Alito in regard to cases that the Supreme Court is set to hear involving Trump?",-0.405,0.194,0.119,0.57,0.229,0.148,0.098,0.853,0.139,0.113,0.564,0.187,0.096,0.078
11,12,"Former President Donald Trump has declared that states should have autonomy in determining abortion policy, rejecting a national ban and emphasizing the importance of states' rights, while expressing support for legal abortion in certain cases and backing nationwide legal in-vitro fertilization. Trump's decision has elicited mixed reactions from both sides of the abortion debate, reflecting the ongoing division in American politics on the issue, with uncertainty remaining about his plans for reproductive rights if elected. By deferring the abortion debate to states, Trump's strategic move aims to secure electoral victories and restore the nation's culture, as the complexities of the ongoing abortion debate continue to play out on a state-by-state basis following the overturning of Roe v. Wade. The unresolved nature of the abortion issue underscores the challenges in navigating reproductive rights in American politics, with the former president's stance shaping the future trajectory of abortion policy in the U.S.","Nearly seven months after Donald Trump’s puzzling comments on abortion rights on NBC’s ""Meet the Press,"" the former president has finally declared that abortion laws should be left to the states. Despite earlier suggestions of a national abortion ban, Trump’s latest statement avoids endorsing a federal ban, signaling that state governments will decide their abortion policies. His position has disappointed both anti-abortion advocates, who seek federal restrictions, and proponents of reproductive rights, who oppose the overturning of Roe v. Wade. This stance has left many crucial questions unanswered about Trump's plans for federal abortion policy and judicial appointments, highlighting ongoing uncertainties ahead of the elections.","1. How does News source 1 describe Trump’s 2016 interactions with Stormy Daniels compared to News source 2?
2. According to News source 1, what justification does Trump give for his shift towards leaving abortion regulation to the states, and how is this different from the explanation given in News source 2?
3. News source 1 mentions that Trump talked about making “both sides” happy with a compromise on abortion. How does News source 2 respond to Trump’s stance on where he personally would draw the line on abortion?
4. News source 1 discusses Trump’s claims that Democrats want babies ""executed after birth."" How does News source 2 react to such statements?
5. How does News source 1 report Biden's handling of college campus protests compared to News source 2's portrayal?
6. What critique does News source 1 offer on the Federal Reserve's potential political meddling during the 2024 election, and how does this compare to the focus in News source 2?
7. News source 1's take on Biden's latest student-loan-forgiveness plan emphasizes its political implications. How is this narrative of the plan different in News source 2?
8. News source 1 identifies specific details and concerns regarding the Supreme Court's decision on Grants Pass v. Johnson and its impact on homelessness policy. How does News source 2 address the same issue differently?
9. In response to Governor Kristi Noem's confession of shooting her dog, how does the tone and underlying message differ between News source 1 and News source 2?
10. Compare the portrayal of economic numbers and job reports under Biden's administration between News source 1 and News source 2. How does the interpretation of the data differ?",0.632,0.056,0.127,0.539,0.289,0.164,0.14,,0.528,0.139,0.559,0.217,0.008,0.098
12,13,"A groundbreaking antitrust lawsuit filed by the Department of Justice, supported by 16 state attorneys general and the District of Columbia, targets Apple's control over the iPhone market, focusing on concerns such as iMessage's dominance, restrictions on non-Apple smartwatches and digital wallets, and the use of proprietary payment systems. The lawsuit alleges that Apple's practices stifle competition, limit consumer choice and innovation, and lead to higher prices for consumers, prompting questions about antitrust regulations and market fairness. Critics believe the lawsuit aims to challenge Apple's market dominance and increase product alternatives, potentially reshaping the tech industry landscape and impacting consumer choice in the smartphone market.","Apple is facing a significant antitrust lawsuit from the Department of Justice, backed by 16 state attorneys general and the District of Columbia, targeting its iPhone and other business practices. The lawsuit claims that Apple’s dominance in various sectors, including messaging, smartwatches, and digital wallets, restricts consumer choice and stifles competition by enforcing a ""walled garden"" ecosystem. Evidence presented in the case includes internal communications highlighting Apple’s strategies to lock users into its platform, thereby reducing competition and innovation. Apple argues that the lawsuit threatens its business model and points to examples like the integration of USB-C ports and right-to-repair laws as areas where it has complied with broader regulatory demands.","1. How does each news source characterize or rationalize the DOJ's new antitrust lawsuit against Apple?

2. What reasons do both news sources provide for the timing and motivation behind Apple's antitrust lawsuit?

3. How does each article describe the past relationship between Apple and the Department of Justice?

4. What are the specific areas of Apple's business practices each news source highlights as being targeted by the DOJ lawsuit?

5. How does each news source interpret Apple's defense against the DOJ's antitrust allegations?

6. What potential future scenarios or consequences of the lawsuit does each news source predict for Apple?

7. How do both articles portray consumer experience with Apple's products, specifically in terms of switching costs and user satisfaction?

8. How does each source view the role and motivations of other tech industry players and competitors in relation to the DOJ lawsuit against Apple?

9. How does each news source address the global perspective and prior regulatory actions affecting Apple, including changes in Europe?

10. How does each article reflect on Apple’s response to the DOJ’s lawsuit, particularly in terms of how it justifies its business practices and product decisions?",-0.5,0.296,0.122,0.552,0.151,0.011,0.059,0.878,0.389,0.144,0.557,0.162,0.068,0.063
13,14,"In Haiti, a dire crisis persists, characterized by violence, impending famine, and mass displacement, with gangs, notably under the control of ""Barbecue,"" exerting significant power in the absence of effective state authority, leading to widespread societal chaos. The historical support of undemocratic regimes in Haiti by the United States is seen as exacerbating the current situation, prompting calls for a legitimate transitional government and fair elections without external interference, amidst opposition to Prime Minister Ariel Henry. Efforts to deploy foreign assistance and stabilize the country face challenges, emphasizing the urgency for Haitians to lead the way towards stability and democratic governance, with civil society resilience and the need to restore order without external interference remaining crucial aspects in addressing the deep-rooted issues facing the nation.","Haiti is embroiled in extreme violence, mass displacement, and a collapsing state authority, with gangs, led by the former police officer ""Barbecue,"" controlling 80% of the capital and escalating chaos. Prime Minister Ariel Henry, heavily criticized and absent after a failed trip to secure Kenyan police support, faces a potential loss of U.S. backing, leaving the country leaderless amidst relentless gang attacks. The international community, including the Biden administration, has struggled to find effective intervention strategies, with past efforts proving ineffective or exacerbating the situation. Moving forward, civil society calls for a Haitian-led solution with the formation of a legitimate, broad-based transitional government to pave the way for fair elections and end the cycle of violence and instability.","1. What specific facts or allegations does News Source 1's article include about Justice Samuel Alito's involvement in the January 6 insurrectionist flag that are not mentioned in News Source 2's article?

2. How does News Source 2's article characterize Alito's explanation for the upside-down flag, and how does this differ from the interpretation provided by News Source 1?

3. Which sources (media outlets, individuals, etc.) are cited in News Source 1’s article to support its claims about Alito’s political views and judicial actions, and how do these compare to those cited in News Source 2's article?

4. How do the two articles differ in their portrayal of the conservative majority on the Supreme Court and its implications for the future of American democracy?

5. What differences emerge in the way News Source 1 and News Source 2 discuss the public's reaction to Trump and Alito’s actions regarding the court's legitimacy?

6. How do News Source 1 and News Source 2 respectively address the implications of Virginia Thomas’ involvement in Trump’s attempts to overturn the election on her husband, Justice Clarence Thomas?

7. How does News Source 1 describe the neighbor’s role in the incident involving the upside-down flag, and how does this compare to News Source 2’s portrayal of this role?

8. What assumptions do News Source 1 and News Source 2 make about Alito's judicial philosophy and its impact on his decision-making process, particularly regarding Trump and January 6?

9. In what ways does News Source 1 assert that Alito's past public statements and actions reflect his potential support for insurrectionist causes, and how is this perspective treated by News Source 2?

10. How do the two articles frame the broader issue of partisanship within the Supreme Court, particularly regarding its decisions related to Trump and conservative politics?",-0.5,0.111,0.114,0.539,0.131,0.055,0.056,-0.674,0.028,0.11,0.553,0.133,0.373,0.053
14,15,"The House Energy and Commerce Committee is advancing a bill that would require TikTok, a Chinese-owned app, to divest from its Chinese ownership to avoid fines and potential bans in the U.S., citing concerns about content, Chinese regime manipulation, and national security risks. Legislation backed by bipartisan support, including President Biden, aims to address the broader implications of foreign adversary control on popular social media platforms, sparking debates on free speech, data privacy, civil liberties, and geopolitical tensions between the U.S. and China. The urgent push against TikTok reflects broader U.S. strategies and concerns over foreign influence, with opposition from unexpected corners like former President Trump adding complexity to the regulatory landscape surrounding TikTok in America, underscoring the intricate dynamics shaping the future of the platform in the United States amidst escalating tensions and propaganda dissemination in the digital age.","The House Energy and Commerce Committee is moving forward with a bill that would require TikTok and other foreign-adversary-controlled applications to divest their Chinese ownership, or face fines and a U.S. ban. Concerns have grown over TikTok's potential misuse by the Chinese Communist Party for surveillance and propaganda, especially following the October 7 Hamas attack on Israel. While the bill has bipartisan support and President Biden has expressed willingness to sign it, opposition arises from former President Trump and civil liberties advocates who warn of First Amendment issues and the need for broader regulation on data collection by all social media platforms. The bill's future is uncertain, with TikTok mobilizing its user base to contact Congress, causing a significant response.","1. How does news source 1 describe the allegations against Justice Samuel Alito's spouse regarding the upside-down flag compared to news source 2?
2. What does news source 1 suggest about Justice Alito's political leanings and public statements on various issues compared to news source 2?
3. How does news source 1 characterize the symbolism and implications of the upside-down flag at Alito's home compared to news source 2?
4. What stance do each source take on the ethical implications of Alito blaming his wife for the flag display?
5. How do the sources differ in their views on the justification and arguments surrounding Alito’s claims about prosecutor's misconduct and indictment chances?
6. How does news source 1 frame the discussion regarding the potential disqualification of Trump from running for president versus the treatment in news source 2?
7. How does each source address the issue of whether or not Alito denies showing solidarity with insurrectionists?
8. In what way does each news source describe the investigation’s findings about Virginia Thomas and her supported attempts to overturn election results?
9. How does each source portray Alito's reaction to and alignment with party preferences post-January 6th attack?
10. How does each source interpret or characterize public and legal reactions to Alito's statements and gestures?",0.866,0.148,0.115,0.592,0.191,0.334,0.082,-0.215,0.083,0.184,0.604,0.197,0.092,0.07
